Id;Nome;R;Squadra;Qt.A;Stato
4312;Maignan;P;Milan;20;DISPONIBILE
5841;Svilar;P;Roma;20;DISPONIBILE
2814;Provedel;P;Lazio;17;DISPONIBILE
2170;Milinkovic-Savic V.;P;Napoli;16;DISPONIBILE
4431;Carnesecchi;P;Atalanta;15;DISPONIBILE
6966;Butez;P;Como;15;DISPONIBILE
5876;Di Gregorio;P;Juventus;15;DISPONIBILE
2134;Falcone;P;Lecce;15;DISPONIBILE
133;Skorupski;P;Bologna;13;DISPONIBILE
4360;Caprile;P;Cagliari;13;DISPONIBILE
761;Audero;P;Cremonese;13;DISPONIBILE
4957;Montipò;P;Verona;13;DISPONIBILE
2428;Sommer;P;Inter;12;DISPONIBILE
2861;Semper;P;Pisa;12;DISPONIBILE
4236;Muric;P;Sassuolo;12;DISPONIBILE
6641;Suzuki;P;Parma;11;DISPONIBILE
2521;De Gea;P;Fiorentina;10;DISPONIBILE
188;Leali;P;Genoa;10;DISPONIBILE
6462;Okoye;P;Udinese;10;DISPONIBILE
2722;Ravaglia F.;P;Bologna;9;DISPONIBILE
572;Meret;P;Napoli;8;DISPONIBILE
5320;Paleari;P;Torino;8;DISPONIBILE
6662;Corvi;P;Parma;6;DISPONIBILE
5135;Guaita;P;Parma;4;DISPONIBILE
218;Perin;P;Juventus;3;DISPONIBILE
7179;Israel;P;Torino;3;DISPONIBILE
6842;Sava;P;Udinese;3;DISPONIBILE
2211;Silvestri;P;Cremonese;3;DISPONIBILE
7172;Pessina Mas.;P;Bologna;2;DISPONIBILE
5116;Martinez Jo.;P;Inter;2;DISPONIBILE
574;Scuffet;P;Pisa;2;DISPONIBILE
2297;Rossi F.;P;Atalanta;1;DISPONIBILE
4;Sportiello;P;Atalanta;1;DISPONIBILE
4929;Ciocci;P;Cagliari;1;DISPONIBILE
3;Radunovic;P;Cagliari;1;DISPONIBILE
2809;Vigorito;P;Como;1;DISPONIBILE
6505;Nava;P;Cremonese;1;DISPONIBILE
6184;Martinelli T.;P;Fiorentina;1;DISPONIBILE
6991;Siegrist;P;Genoa;1;DISPONIBILE
219;Sommariva;P;Genoa;1;DISPONIBILE
1926;Di Gennaro;P;Inter;1;DISPONIBILE
1930;Pinsoglio;P;Juventus;1;DISPONIBILE
6417;Furlanetto;P;Lazio;1;DISPONIBILE
6482;Mandas;P;Lazio;1;DISPONIBILE
2401;Fruchtl;P;Lecce;1;DISPONIBILE
6523;Samooja;P;Lecce;1;DISPONIBILE
2815;Terracciano;P;Milan;1;DISPONIBILE
6813;Torriani;P;Milan;1;DISPONIBILE
2845;Contini;P;Napoli;1;DISPONIBILE
5338;Rinaldi;P;Parma;1;DISPONIBILE
2271;Nicolas;P;Pisa;1;DISPONIBILE
7169;Zelezny;P;Roma;1;DISPONIBILE
610;Gollini;P;Roma;1;DISPONIBILE
2127;Satalino;P;Sassuolo;1;DISPONIBILE
4867;Turati;P;Sassuolo;1;DISPONIBILE
6210;Popa;P;Torino;1;DISPONIBILE
543;Padelli;P;Udinese;1;DISPONIBILE
511;Perilli;P;Verona;1;DISPONIBILE
6125;Vasquez D.;P;Roma;1;DISPONIBILE
7185;Nunziante;P;Udinese;1;DISPONIBILE
158;Lezzerini;P;Fiorentina;1;DISPONIBILE
7236;Toniolo;P;Verona;1;DISPONIBILE
7261;Cavlina;P;Como;1;DISPONIBILE
7285;Ferrante;P;Napoli;1;DISPONIBILE
7042;Calligaris;P;Inter;1;DISPONIBILE
254;Dimarco;D;Inter;26;DISPONIBILE
2120;Bastoni;D;Inter;20;DISPONIBILE
5022;Pavlovic;D;Milan;17;DISPONIBILE
6832;Palestra;D;Cagliari;16;DISPONIBILE
5835;Baschirotto;D;Cremonese;15;DISPONIBILE
1852;Spinazzola;D;Napoli;15;DISPONIBILE
7181;Wesley;D;Roma;15;DISPONIBILE
5678;Holm;D;Bologna;14;DISPONIBILE
2593;Martin;D;Genoa;13;DISPONIBILE
5812;Terracciano F.;D;Cremonese;13;DISPONIBILE
4657;Celik;D;Roma;13;DISPONIBILE
6642;Coco;D;Torino;13;DISPONIBILE
4263;Kabasele;D;Udinese;13;DISPONIBILE
7220;Belghali;D;Verona;13;DISPONIBILE
6893;Kempf;D;Como;12;DISPONIBILE
5877;Carlos Augusto;D;Inter;12;DISPONIBILE
5513;Dumfries;D;Inter;12;DISPONIBILE
2724;Buongiorno;D;Napoli;12;DISPONIBILE
4807;Hermoso;D;Roma;12;DISPONIBILE
4734;Miranda J.;D;Bologna;11;DISPONIBILE
4994;Vojvoda;D;Como;11;DISPONIBILE
2788;Bremer;D;Juventus;11;DISPONIBILE
4976;Kalulu;D;Juventus;11;DISPONIBILE
6989;Tiago Gabriel;D;Lecce;11;DISPONIBILE
6496;Bartesaghi;D;Milan;11;DISPONIBILE
4665;Maripan;D;Torino;11;DISPONIBILE
5750;Ostigard;D;Genoa;11;DISPONIBILE
5578;Kossounou;D;Atalanta;10;DISPONIBILE
4887;Bellanova;D;Atalanta;10;DISPONIBILE
6066;Posch;D;Como;10;DISPONIBILE
393;Luperto;D;Cagliari;10;DISPONIBILE
4210;Mina;D;Cagliari;10;DISPONIBILE
5514;Vasquez;D;Genoa;10;DISPONIBILE
5520;Cambiaso;D;Juventus;10;DISPONIBILE
2296;Mancini;D;Roma;10;DISPONIBILE
6956;Solet;D;Udinese;10;DISPONIBILE
697;Cuadrado;D;Pisa;10;DISPONIBILE
7212;Heggem;D;Bologna;10;DISPONIBILE
4159;Akanji;D;Inter;10;DISPONIBILE
6867;Valle;D;Como;9;DISPONIBILE
6013;Barbieri;D;Cremonese;9;DISPONIBILE
2160;Gosens;D;Fiorentina;9;DISPONIBILE
6766;Kelly L.;D;Juventus;9;DISPONIBILE
6039;Cabal;D;Juventus;9;DISPONIBILE
2188;Marusic;D;Lazio;9;DISPONIBILE
4401;Gabbia;D;Milan;9;DISPONIBILE
6202;Beukema;D;Napoli;9;DISPONIBILE
2816;Di Lorenzo;D;Napoli;9;DISPONIBILE
6663;Circati;D;Parma;9;DISPONIBILE
6664;Delprato;D;Parma;9;DISPONIBILE
5862;Valeri;D;Parma;9;DISPONIBILE
6869;Ramon;D;Como;9;DISPONIBILE
6672;Idzes;D;Sassuolo;9;DISPONIBILE
4137;Diego Carlos;D;Como;9;DISPONIBILE
554;Zappacosta;D;Atalanta;8;DISPONIBILE
6042;Lucumì;D;Bologna;8;DISPONIBILE
7125;Idrissi R.;D;Cagliari;8;DISPONIBILE
4433;Zortea;D;Bologna;8;DISPONIBILE
4378;Ranieri L.;D;Fiorentina;8;DISPONIBILE
5833;Gila;D;Lazio;8;DISPONIBILE
460;Romagnoli;D;Lazio;8;DISPONIBILE
4502;Gallo;D;Lecce;8;DISPONIBILE
5527;Zanoli;D;Udinese;8;DISPONIBILE
7143;Angori;D;Pisa;8;DISPONIBILE
4317;N'Dicka;D;Roma;8;DISPONIBILE
6485;Kristensen T.;D;Udinese;8;DISPONIBILE
5526;Scalvini;D;Atalanta;7;DISPONIBILE
4461;Zappa;D;Cagliari;7;DISPONIBILE
612;Bianchetti;D;Cremonese;7;DISPONIBILE
6814;Norton-Cuffy;D;Genoa;7;DISPONIBILE
513;Acerbi;D;Inter;7;DISPONIBILE
6217;Bisseck;D;Inter;7;DISPONIBILE
5831;Gatti;D;Juventus;7;DISPONIBILE
4751;Tomori;D;Milan;7;DISPONIBILE
4409;Rrahmani;D;Napoli;7;DISPONIBILE
4772;Angelino;D;Roma;7;DISPONIBILE
4374;Walukiewicz;D;Sassuolo;7;DISPONIBILE
7255;Britschgi;D;Parma;7;DISPONIBILE
2728;Pellegrini Lu.;D;Lazio;6;DISPONIBILE
5620;Tavares N.;D;Lazio;6;DISPONIBILE
6990;Veiga D.;D;Lecce;6;DISPONIBILE
5307;Valenti;D;Parma;6;DISPONIBILE
2273;Caracciolo A.;D;Pisa;6;DISPONIBILE
7155;Muharemovic;D;Sassuolo;6;DISPONIBILE
5851;Doig;D;Sassuolo;6;DISPONIBILE
5010;Ismajli;D;Torino;6;DISPONIBILE
4385;Lazaro;D;Torino;6;DISPONIBILE
5820;Bertola;D;Udinese;6;DISPONIBILE
5555;Kamara H.;D;Udinese;6;DISPONIBILE
5532;Bradaric;D;Verona;6;DISPONIBILE
787;Djimsiti;D;Atalanta;5;DISPONIBILE
6046;Hien;D;Atalanta;5;DISPONIBILE
6916;Ahanor;D;Atalanta;5;DISPONIBILE
5701;Obert;D;Cagliari;5;DISPONIBILE
7131;Floriani Mussolini;D;Cremonese;5;DISPONIBILE
5885;Dodò;D;Fiorentina;5;DISPONIBILE
7069;Fortini;D;Fiorentina;5;DISPONIBILE
322;De Vrij;D;Inter;5;DISPONIBILE
6632;Gaspar K.;D;Lecce;5;DISPONIBILE
7139;Canestrelli;D;Pisa;5;DISPONIBILE
2745;Calabresi;D;Pisa;5;DISPONIBILE
6986;Rensch;D;Roma;5;DISPONIBILE
6426;Pedersen;D;Torino;5;DISPONIBILE
7018;Nelsson;D;Verona;5;DISPONIBILE
7253;Bella-Kotchap;D;Verona;5;DISPONIBILE
5435;Moreno Alb.;D;Como;4;DISPONIBILE
7130;Folino;D;Cremonese;4;DISPONIBILE
770;Pezzella Giu.;D;Cremonese;4;DISPONIBILE
6495;Comuzzo;D;Fiorentina;4;DISPONIBILE
5603;Pongracic;D;Fiorentina;4;DISPONIBILE
7012;Provstgaard;D;Lazio;4;DISPONIBILE
5273;Estupinan;D;Milan;4;DISPONIBILE
5840;Olivera;D;Napoli;4;DISPONIBILE
252;Biraghi;D;Torino;4;DISPONIBILE
6047;Ehizibue;D;Udinese;4;DISPONIBILE
6894;Unai Nunez;D;Verona;4;DISPONIBILE
6957;Valentini N.;D;Verona;4;DISPONIBILE
6639;Frese;D;Verona;4;DISPONIBILE
7211;Athekame;D;Milan;4;DISPONIBILE
388;Albiol;D;Pisa;4;DISPONIBILE
6444;Bonfanti;D;Pisa;3;DISPONIBILE
7068;Vitik;D;Bologna;3;DISPONIBILE
487;De Silvestri;D;Bologna;3;DISPONIBILE
7014;Smolcic I.;D;Como;3;DISPONIBILE
4904;Marì;D;Fiorentina;3;DISPONIBILE
5449;Parisi;D;Fiorentina;3;DISPONIBILE
6660;Marcandalli;D;Genoa;3;DISPONIBILE
5739;De Winter;D;Milan;3;DISPONIBILE
7175;Joao Mario;D;Juventus;3;DISPONIBILE
2263;Lazzari;D;Lazio;3;DISPONIBILE
256;Juan Jesus;D;Napoli;3;DISPONIBILE
6211;Zemura;D;Udinese;3;DISPONIBILE
6537;Goglichidze;D;Udinese;3;DISPONIBILE
6985;Candè;D;Sassuolo;3;DISPONIBILE
7219;Bernasconi;D;Atalanta;3;DISPONIBILE
5427;Gutierrez;D;Napoli;3;DISPONIBILE
5168;Tsimikas;D;Roma;3;DISPONIBILE
5156;Nkounkou;D;Torino;3;DISPONIBILE
7268;Rodriguez Ju.;D;Cagliari;3;DISPONIBILE
6870;Faye;D;Cremonese;3;DISPONIBILE
6665;Coulibaly W.;D;Sassuolo;3;DISPONIBILE
2640;Kolasinac;D;Atalanta;2;DISPONIBILE
5498;Casale;D;Bologna;2;DISPONIBILE
2653;Lykogiannis;D;Bologna;2;DISPONIBILE
5406;Di Pardo;D;Cagliari;2;DISPONIBILE
6896;Van Der Brempt;D;Como;2;DISPONIBILE
1891;Ceccherini;D;Cremonese;2;DISPONIBILE
5718;Viti;D;Fiorentina;2;DISPONIBILE
6977;Otoa;D;Genoa;2;DISPONIBILE
791;Sabelli;D;Genoa;2;DISPONIBILE
294;Rugani;D;Juventus;2;DISPONIBILE
327;Patric;D;Lazio;2;DISPONIBILE
7136;Kouassi;D;Lecce;2;DISPONIBILE
7182;Ndaba;D;Lecce;2;DISPONIBILE
6965;Lovik;D;Parma;2;DISPONIBILE
6411;Mateus Lusuardi;D;Pisa;2;DISPONIBILE
49;Masina;D;Torino;2;DISPONIBILE
6900;Rui Modesto;D;Udinese;2;DISPONIBILE
7202;Ndiaye;D;Parma;2;DISPONIBILE
7222;Cham;D;Verona;2;DISPONIBILE
7235;Troilo;D;Parma;2;DISPONIBILE
7260;Ziolkowski;D;Roma;2;DISPONIBILE
6351;Lamptey;D;Fiorentina;2;DISPONIBILE
7274;Zè Pedro;D;Cagliari;2;DISPONIBILE
6230;Dossena;D;Como;1;DISPONIBILE
418;Goldaniga;D;Como;1;DISPONIBILE
2847;Sernicola;D;Cremonese;1;DISPONIBILE
2525;Darmian;D;Inter;1;DISPONIBILE
6803;Rouhi;D;Juventus;1;DISPONIBILE
5899;Gigot;D;Lazio;1;DISPONIBILE
140;Hysaj;D;Lazio;1;DISPONIBILE
6883;Jean;D;Lecce;1;DISPONIBILE
7164;Perez M.;D;Lecce;1;DISPONIBILE
6809;Marianucci;D;Napoli;1;DISPONIBILE
5481;Mazzocchi;D;Napoli;1;DISPONIBILE
7140;Coppola F.;D;Pisa;1;DISPONIBILE
7170;Mbambi;D;Pisa;1;DISPONIBILE
7142;Esteves T.;D;Pisa;1;DISPONIBILE
7154;Odenthal;D;Sassuolo;1;DISPONIBILE
2279;Romagna;D;Sassuolo;1;DISPONIBILE
6431;Paz Y.;D;Sassuolo;1;DISPONIBILE
7156;Pieragnolo;D;Sassuolo;1;DISPONIBILE
6041;Schuurs;D;Torino;1;DISPONIBILE
6826;Dembelè A.;D;Torino;1;DISPONIBILE
6925;Palma;D;Udinese;1;DISPONIBILE
6631;Ghilardi;D;Roma;1;DISPONIBILE
7011;Slotsager;D;Verona;1;DISPONIBILE
5994;Ebosse;D;Verona;1;DISPONIBILE
6992;Oyegoke;D;Verona;1;DISPONIBILE
7196;Denoon;D;Pisa;1;DISPONIBILE
7238;Kouadio;D;Fiorentina;1;DISPONIBILE
7240;Siebert;D;Lecce;1;DISPONIBILE
7271;Odogu;D;Milan;1;DISPONIBILE
6874;Palacios T.;D;Inter;1;DISPONIBILE
2423;Pulisic;C;Milan;32;DISPONIBILE
6875;Paz N.;C;Como;30;DISPONIBILE
2194;Calhanoglu;C;Inter;29;DISPONIBILE
2167;Orsolini;C;Bologna;27;DISPONIBILE
2517;De Bruyne;C;Napoli;24;DISPONIBILE
4777;McTominay;C;Napoli;23;DISPONIBILE
4220;Zambo Anguissa;C;Napoli;22;DISPONIBILE
632;Zaccagni;C;Lazio;20;DISPONIBILE
2606;Modric;C;Milan;20;DISPONIBILE
2765;Odgaard;C;Bologna;19;DISPONIBILE
1870;Barella;C;Inter;19;DISPONIBILE
4892;Saelemaekers;C;Milan;19;DISPONIBILE
2766;Zaniolo;C;Udinese;19;DISPONIBILE
2379;Rabiot;C;Milan;18;DISPONIBILE
1933;Mandragora;C;Fiorentina;17;DISPONIBILE
530;Pellegrini Lo.;C;Roma;17;DISPONIBILE
5119;Samardzic;C;Atalanta;16;DISPONIBILE
449;Vazquez;C;Cremonese;16;DISPONIBILE
6884;Conceicao;C;Juventus;16;DISPONIBILE
6831;Neres;C;Napoli;16;DISPONIBILE
6666;Bernabè;C;Parma;16;DISPONIBILE
5589;Konè M.;C;Roma;16;DISPONIBILE
6908;Atta;C;Udinese;16;DISPONIBILE
7133;Vandeputte;C;Cremonese;15;DISPONIBILE
5674;Basic;C;Lazio;15;DISPONIBILE
6398;Isaksen;C;Lazio;15;DISPONIBILE
6015;Berisha M.;C;Lecce;15;DISPONIBILE
6717;Konè I.;C;Sassuolo;15;DISPONIBILE
5687;Vlasic;C;Torino;15;DISPONIBILE
6640;Felici;C;Cagliari;14;DISPONIBILE
6151;Perrone;C;Como;14;DISPONIBILE
5562;Thuram K.;C;Juventus;14;DISPONIBILE
4186;Guendouzi;C;Lazio;14;DISPONIBILE
5504;Coulibaly L.;C;Lecce;14;DISPONIBILE
5453;Ricci S.;C;Milan;14;DISPONIBILE
779;Cristante;C;Roma;14;DISPONIBILE
2077;Pasalic;C;Atalanta;13;DISPONIBILE
5800;Gudmundsson A.;C;Fiorentina;13;DISPONIBILE
4404;Thorsby;C;Genoa;13;DISPONIBILE
7070;Sucic P.;C;Inter;13;DISPONIBILE
152;Zielinski;C;Inter;13;DISPONIBILE
333;Cataldi;C;Lazio;13;DISPONIBILE
4199;Loftus-Cheek;C;Milan;13;DISPONIBILE
5735;Volpato;C;Sassuolo;13;DISPONIBILE
4364;Gaetano;C;Cagliari;12;DISPONIBILE
4427;Malinovskyi;C;Genoa;12;DISPONIBILE
4711;Kostic;C;Juventus;12;DISPONIBILE
827;Locatelli;C;Juventus;12;DISPONIBILE
6815;Fadera;C;Sassuolo;12;DISPONIBILE
6458;Serdar;C;Verona;12;DISPONIBILE
2839;Sottil;C;Lecce;12;DISPONIBILE
5298;Pobega;C;Bologna;11;DISPONIBILE
5422;Zalewski;C;Atalanta;11;DISPONIBILE
4686;Fofana Y.;C;Milan;11;DISPONIBILE
5844;Thorstvedt;C;Sassuolo;11;DISPONIBILE
2528;Matic;C;Sassuolo;11;DISPONIBILE
5036;Caqueret;C;Como;10;DISPONIBILE
5559;Da Cunha;C;Como;10;DISPONIBILE
6020;Ellertsson;C;Genoa;10;DISPONIBILE
536;Politano;C;Napoli;10;DISPONIBILE
7146;Tourè I.;C;Pisa;10;DISPONIBILE
6680;Karlstrom;C;Udinese;10;DISPONIBILE
5761;Zhegrova;C;Juventus;10;DISPONIBILE
6054;Moro N.;C;Bologna;9;DISPONIBILE
6593;Akinsanmiro;C;Pisa;9;DISPONIBILE
6481;Payero;C;Cremonese;9;DISPONIBILE
6684;Ekkelenkamp;C;Udinese;9;DISPONIBILE
7028;Bernede;C;Verona;9;DISPONIBILE
7198;Piotrowski;C;Udinese;9;DISPONIBILE
5792;Ederson D.S.;C;Atalanta;8;DISPONIBILE
6252;Folorunsho;C;Cagliari;8;DISPONIBILE
7126;Baturina;C;Como;8;DISPONIBILE
4973;McKennie;C;Juventus;8;DISPONIBILE
6549;Pierotti;C;Lecce;8;DISPONIBILE
5131;Gilmour;C;Napoli;8;DISPONIBILE
2670;Bailey;C;Roma;8;DISPONIBILE
6844;Rowe;C;Bologna;8;DISPONIBILE
7254;Lorran;C;Pisa;8;DISPONIBILE
22;De Roon;C;Atalanta;7;DISPONIBILE
4947;Brescianini;C;Atalanta;7;DISPONIBILE
788;Freuler;C;Bologna;7;DISPONIBILE
184;Bernardeschi;C;Bologna;7;DISPONIBILE
5791;Frendrup;C;Genoa;7;DISPONIBILE
5998;Zerbin;C;Cremonese;7;DISPONIBILE
2334;Leris;C;Pisa;7;DISPONIBILE
801;Gagliardini;C;Verona;7;DISPONIBILE
5858;Ferguson;C;Bologna;6;DISPONIBILE
1871;Deiola;C;Cagliari;6;DISPONIBILE
6424;Prati;C;Cagliari;6;DISPONIBILE
6917;Masini;C;Genoa;6;DISPONIBILE
5301;Luis Henrique;C;Inter;6;DISPONIBILE
2529;Mkhitaryan;C;Inter;6;DISPONIBILE
2848;Frattesi;C;Inter;6;DISPONIBILE
5685;Koopmeiners;C;Juventus;6;DISPONIBILE
6394;Ramadani;C;Lecce;6;DISPONIBILE
5992;Bondo;C;Cremonese;6;DISPONIBILE
4287;Lobotka;C;Napoli;6;DISPONIBILE
6271;El Aynaoui;C;Roma;6;DISPONIBILE
5888;Casadei;C;Torino;6;DISPONIBILE
7209;Sorensen O.;C;Parma;6;DISPONIBILE
4479;Elmas;C;Napoli;6;DISPONIBILE
4870;Adopo;C;Cagliari;5;DISPONIBILE
181;Vecino;C;Lazio;5;DISPONIBILE
6629;Dele-Bashiru;C;Lazio;5;DISPONIBILE
5295;Musah;C;Atalanta;5;DISPONIBILE
6898;Keita M.;C;Parma;5;DISPONIBILE
5319;Sohm;C;Fiorentina;5;DISPONIBILE
6984;Ondrejka;C;Parma;5;DISPONIBILE
5318;Tramoni M.;C;Pisa;5;DISPONIBILE
795;El Shaarawy;C;Roma;5;DISPONIBILE
4890;Tameze;C;Torino;5;DISPONIBILE
5850;Lovric;C;Udinese;5;DISPONIBILE
6218;Oristanio;C;Parma;5;DISPONIBILE
5784;Aebischer;C;Pisa;4;DISPONIBILE
6206;Fabbian;C;Bologna;4;DISPONIBILE
27;Grassi;C;Cremonese;4;DISPONIBILE
4465;Fagioli;C;Fiorentina;4;DISPONIBILE
6010;Fazzini;C;Fiorentina;4;DISPONIBILE
6722;Gronbaek;C;Genoa;4;DISPONIBILE
6106;Carboni V.;C;Genoa;4;DISPONIBILE
4459;Rovella;C;Lazio;4;DISPONIBILE
6634;Tete Morente;C;Lecce;4;DISPONIBILE
7145;Piccinini G.;C;Pisa;4;DISPONIBILE
7149;Marin M.;C;Pisa;4;DISPONIBILE
5823;Baldanzi;C;Roma;4;DISPONIBILE
7157;Iannoni;C;Sassuolo;4;DISPONIBILE
6170;Gineitis;C;Torino;4;DISPONIBILE
5007;Ilic;C;Torino;4;DISPONIBILE
7203;Jashari;C;Milan;4;DISPONIBILE
5610;Vranckx;C;Sassuolo;4;DISPONIBILE
5561;Stengs;C;Pisa;4;DISPONIBILE
7010;Al-Musrati;C;Verona;4;DISPONIBILE
4349;Nicolussi Caviglia;C;Fiorentina;4;DISPONIBILE
6528;Sarmiento J.;C;Cremonese;4;DISPONIBILE
4896;Maldini;C;Atalanta;3;DISPONIBILE
7132;Collocolo;C;Cremonese;3;DISPONIBILE
6294;Ndour;C;Fiorentina;3;DISPONIBILE
4970;Messias;C;Genoa;3;DISPONIBILE
7135;Stanciu;C;Genoa;3;DISPONIBILE
5719;Asllani;C;Torino;3;DISPONIBILE
5813;Miretti;C;Juventus;3;DISPONIBILE
6410;Kaba;C;Lecce;3;DISPONIBILE
5457;Maleh;C;Lecce;3;DISPONIBILE
5290;Estevez;C;Parma;3;DISPONIBILE
7138;Ordonez C.;C;Parma;3;DISPONIBILE
4423;Hernani;C;Parma;3;DISPONIBILE
7150;Vural;C;Pisa;3;DISPONIBILE
6889;Anjorin;C;Torino;3;DISPONIBILE
5540;Niasse;C;Verona;3;DISPONIBILE
5688;Harroui;C;Verona;3;DISPONIBILE
6677;Adzic;C;Juventus;3;DISPONIBILE
6274;Diouf;C;Inter;3;DISPONIBILE
7246;Sala A.;C;Lecce;3;DISPONIBILE
5286;Akpa Akpro;C;Verona;3;DISPONIBILE
4284;Sergi Roberto;C;Como;2;DISPONIBILE
6804;Richardson;C;Fiorentina;2;DISPONIBILE
5788;Sabiri;C;Fiorentina;2;DISPONIBILE
6191;Belahyane;C;Lazio;2;DISPONIBILE
6633;Pierret;C;Lecce;2;DISPONIBILE
5872;Helgason;C;Lecce;2;DISPONIBILE
6190;Pisilli;C;Roma;2;DISPONIBILE
6219;Boloca;C;Sassuolo;2;DISPONIBILE
6246;Lipani;C;Sassuolo;2;DISPONIBILE
6212;Zarraga;C;Udinese;2;DISPONIBILE
6486;Suslov;C;Verona;2;DISPONIBILE
6538;Onana J.;C;Genoa;2;DISPONIBILE
4677;Cornet;C;Genoa;2;DISPONIBILE
6024;Sulemana I.;C;Bologna;1;DISPONIBILE
7165;Liteta;C;Cagliari;1;DISPONIBILE
2274;Valoti;C;Cremonese;1;DISPONIBILE
6980;Venturino;C;Genoa;1;DISPONIBILE
6222;Rafia;C;Lecce;1;DISPONIBILE
6645;Marchwinski;C;Lecce;1;DISPONIBILE
7147;Hojholt;C;Pisa;1;DISPONIBILE
7177;Santiago;C;Verona;1;DISPONIBILE
2117;Kastanos;C;Verona;1;DISPONIBILE
1976;Mazzitelli;C;Cagliari;1;DISPONIBILE
7208;Miller L.;C;Udinese;1;DISPONIBILE
2076;Rog;C;Cagliari;1;DISPONIBILE
6005;Ilkhan;C;Torino;1;DISPONIBILE
7025;Cuenca H.;C;Genoa;1;DISPONIBILE
7223;Vergara;C;Napoli;1;DISPONIBILE
6506;Fini;C;Genoa;1;DISPONIBILE
7276;Cremaschi;C;Parma;1;DISPONIBILE
2764;Martinez L.;A;Inter;32;DISPONIBILE
4871;Thuram;A;Inter;29;DISPONIBILE
6434;Yildiz;A;Juventus;29;DISPONIBILE
4510;Leao;A;Milan;27;DISPONIBILE
5734;Soulè;A;Roma;26;DISPONIBILE
531;Berardi;A;Sassuolo;24;DISPONIBILE
6052;Hojlund;A;Napoli;24;DISPONIBILE
6572;Castro S.;A;Bologna;23;DISPONIBILE
5637;Davis K.;A;Udinese;22;DISPONIBILE
6060;Laurientè;A;Sassuolo;21;DISPONIBILE
2137;Scamacca;A;Atalanta;20;DISPONIBILE
6226;Castellanos;A;Lazio;20;DISPONIBILE
7023;Pellegrino M.;A;Parma;20;DISPONIBILE
2499;Vardy;A;Cremonese;20;DISPONIBILE
4436;Cambiaghi;A;Bologna;19;DISPONIBILE
5995;De Ketelaere;A;Atalanta;18;DISPONIBILE
2097;Kean;A;Fiorentina;18;DISPONIBILE
2841;Vlahovic;A;Juventus;18;DISPONIBILE
4730;Lookman;A;Atalanta;17;DISPONIBILE
7017;Douvikas;A;Como;17;DISPONIBILE
505;Bonazzoli;A;Cremonese;17;DISPONIBILE
6435;Krstovic;A;Atalanta;17;DISPONIBILE
2061;Simeone;A;Torino;17;DISPONIBILE
2038;Pinamonti;A;Sassuolo;17;DISPONIBILE
6646;Adams C.;A;Torino;17;DISPONIBILE
7162;Giovane;A;Verona;17;DISPONIBILE
4463;Esposito Se.;A;Cagliari;16;DISPONIBILE
6675;Dovbyk;A;Roma;16;DISPONIBILE
5336;Nzola;A;Pisa;16;DISPONIBILE
6552;Orban G.;A;Verona;16;DISPONIBILE
6669;Bonny;A;Inter;15;DISPONIBILE
7071;Esposito F.P.;A;Inter;15;DISPONIBILE
2531;Lukaku;A;Napoli;15;DISPONIBILE
6314;Openda;A;Juventus;15;DISPONIBILE
6243;Borrelli;A;Cagliari;14;DISPONIBILE
7127;Addai;A;Como;14;DISPONIBILE
5544;David;A;Juventus;14;DISPONIBILE
309;Dybala;A;Roma;14;DISPONIBILE
5918;Sulemana K.;A;Atalanta;13;DISPONIBILE
7120;Lang;A;Napoli;13;DISPONIBILE
6365;Ferguson E.;A;Roma;13;DISPONIBILE
4728;Nkunku;A;Milan;13;DISPONIBILE
7008;Gimenez;A;Milan;12;DISPONIBILE
5455;Moreo;A;Pisa;12;DISPONIBILE
6145;Ngonge;A;Torino;12;DISPONIBILE
6643;Dallinga;A;Bologna;11;DISPONIBILE
6164;Vitinha O.;A;Genoa;11;DISPONIBILE
5500;Cancellieri;A;Lazio;11;DISPONIBILE
6556;Noslin;A;Lazio;11;DISPONIBILE
2155;Cutrone;A;Parma;10;DISPONIBILE
5672;Dia;A;Lazio;10;DISPONIBILE
7001;N'Dri;A;Lecce;10;DISPONIBILE
608;Zapata D.;A;Torino;10;DISPONIBILE
7249;Buksa;A;Udinese;10;DISPONIBILE
441;Belotti;A;Cagliari;10;DISPONIBILE
7129;Rodriguez Je.;A;Como;9;DISPONIBILE
5506;Ekuban;A;Genoa;9;DISPONIBILE
6001;Banda;A;Lecce;9;DISPONIBILE
6667;Benedyczak;A;Parma;9;DISPONIBILE
6630;Mosquera;A;Verona;9;DISPONIBILE
785;Immobile;A;Bologna;8;DISPONIBILE
4359;Piccoli;A;Fiorentina;8;DISPONIBILE
6967;Diao;A;Como;8;DISPONIBILE
6822;Ekhator;A;Genoa;8;DISPONIBILE
4923;Colombo;A;Genoa;8;DISPONIBILE
6519;Camarda;A;Lecce;7;DISPONIBILE
6215;Lucca;A;Napoli;7;DISPONIBILE
479;Sanabria;A;Cremonese;7;DISPONIBILE
313;Morata;A;Como;7;DISPONIBILE
7252;Stulic;A;Lecce;7;DISPONIBILE
7128;Kuhn;A;Como;6;DISPONIBILE
647;Dzeko;A;Fiorentina;6;DISPONIBILE
2489;Pedro;A;Lazio;6;DISPONIBILE
6836;Meister;A;Pisa;6;DISPONIBILE
6439;Cheddira;A;Sassuolo;6;DISPONIBILE
6895;Dominguez B.;A;Bologna;5;DISPONIBILE
5297;Luvumbo;A;Cagliari;5;DISPONIBILE
6159;Sarr A.;A;Verona;5;DISPONIBILE
5512;De Luca;A;Cremonese;4;DISPONIBILE
6207;Almqvist;A;Parma;4;DISPONIBILE
6653;Bravo;A;Udinese;4;DISPONIBILE
7161;Bayo V.;A;Udinese;4;DISPONIBILE
5496;Johnsen;A;Cremonese;3;DISPONIBILE
1842;Pierini;A;Sassuolo;3;DISPONIBILE
7183;Aboukhlal;A;Torino;3;DISPONIBILE
7199;Kilicsoy;A;Cagliari;3;DISPONIBILE
5515;Okereke;A;Cremonese;2;DISPONIBILE
5471;Djuric;A;Parma;2;DISPONIBILE
7264;Ambrosino;A;Napoli;2;DISPONIBILE
6555;Moumbagna;A;Cremonese;2;DISPONIBILE
247;Pavoletti;A;Cagliari;1;DISPONIBILE
2012;Milik;A;Juventus;1;DISPONIBILE
7171;Buffon L.;A;Pisa;1;DISPONIBILE
7158;Moro L.;A;Sassuolo;1;DISPONIBILE
7159;Skjellerup;A;Sassuolo;1;DISPONIBILE
6827;Njie;A;Torino;1;DISPONIBILE
7213;Frigan;A;Parma;1;DISPONIBILE
7262;Balentien;A;Milan;1;DISPONIBILE
7272;Gueye;A;Udinese;1;DISPONIBILE
7277;Arena A.;A;Roma;1;DISPONIBILE
